chain, residue_label, residue_name, score, zscore, probability, pocket
B,    0, MET,  0.1798,  -0.2792,   0.0057, 0
B,    1, ALA,  0.1093,  -0.3185,   0.0027, 0
B,    2, VAL,  0.1487,  -0.2966,   0.0043, 0
B,    3, GLY,  0.2551,  -0.2373,   0.0105, 0
B,    4, ALA,  0.5974,  -0.0464,   0.0509, 0
B,    5, CYS,  0.4034,  -0.1546,   0.0239, 0
B,    6, VAL,  1.5331,   0.4751,   0.2919, 0
B,    7, LEU,  0.0475,  -0.3530,   0.0010, 0
B,    8, CYS,  0.0430,  -0.3555,   0.0009, 0
B,    9, ASN,  0.1648,  -0.2876,   0.0050, 0
B,   10, SER,  0.0142,  -0.3715,   0.0004, 0
B,   11, GLN,  0.0600,  -0.3460,   0.0012, 0
B,   12, THR,  0.0026,  -0.3780,   0.0003, 0
B,   13, SER,  0.5926,  -0.0491,   0.0501, 0
B,   14, LEU,  0.5012,  -0.1001,   0.0361, 0
B,   15, ARG,  0.1648,  -0.2876,   0.0050, 0
B,   16, CYS,  0.0003,  -0.3793,   0.0002, 0
B,   17, GLY,  0.0546,  -0.3491,   0.0011, 0
B,   18, ALA,  0.4265,  -0.1417,   0.0266, 0
B,   19, CYS,  0.5130,  -0.0935,   0.0378, 0
B,   20, ILE,  0.6163,  -0.0359,   0.0540, 0
B,   21, ARG,  1.3745,   0.3867,   0.2463, 0
B,   22, ARG,  0.5510,  -0.0724,   0.0434, 0
B,   23, PRO,  1.4976,   0.4553,   0.2820, 0
B,   24, PHE,  1.4091,   0.4060,   0.2565, 0
B,   25, LEU,  0.0000,  -0.3795,   0.0002, 0
B,   26, CYS,  0.0015,  -0.3786,   0.0003, 0
B,   27, CYS,  0.0007,  -0.3791,   0.0002, 0
B,   28, LYS,  0.0643,  -0.3436,   0.0013, 0
B,   29, CYS,  0.0026,  -0.3780,   0.0003, 0
B,   30, CYS,  0.0000,  -0.3795,   0.0002, 0
B,   31, TYR,  0.1781,  -0.2802,   0.0057, 0
B,   32, ASP,  0.0643,  -0.3436,   0.0013, 0
B,   33, HIS,  0.0119,  -0.3728,   0.0004, 0
B,   34, VAL,  0.0532,  -0.3498,   0.0011, 0
B,   35, ILE,  0.1839,  -0.2769,   0.0060, 0
B,   36, SER,  0.0608,  -0.3455,   0.0013, 0
B,   37, THR,  0.0473,  -0.3531,   0.0010, 0
B,   38, SER,  0.0760,  -0.3371,   0.0016, 0
B,   39, HIS,  0.5527,  -0.0714,   0.0437, 0
B,   40, LYS,  0.0771,  -0.3365,   0.0017, 0
B,   41, LEU,  0.0985,  -0.3246,   0.0023, 0
B,   42, VAL,  0.0315,  -0.3619,   0.0007, 0
B,   43, LEU,  0.0932,  -0.3275,   0.0021, 0
B,   44, SER,  0.5334,  -0.0821,   0.0408, 3
B,   45, VAL,  0.6291,  -0.0288,   0.0563, 3
B,   46, ASN,  0.4484,  -0.1295,   0.0292, 3
B,   47, PRO,  0.1043,  -0.3213,   0.0025, 0
B,   48, TYR,  0.5735,  -0.0598,   0.0470, 3
B,   49, VAL,  0.0708,  -0.3400,   0.0015, 0
B,   50, CYS,  0.0226,  -0.3668,   0.0005, 0
B,   51, ASN,  0.1150,  -0.3153,   0.0029, 0
B,   52, ALA,  0.1667,  -0.2865,   0.0051, 0
B,   53, PRO,  0.1575,  -0.2917,   0.0047, 0
B,   54, GLY,  0.1877,  -0.2748,   0.0062, 0
B,   55, CYS,  0.4548,  -0.1260,   0.0300, 0
B,   56, ASP,  0.3618,  -0.1778,   0.0196, 0
B,   57, VAL,  0.3434,  -0.1880,   0.0179, 0
B,   58, THR,  0.0849,  -0.3321,   0.0019, 0
B,   59, ASP,  0.0395,  -0.3574,   0.0008, 0
B,   60, VAL,  0.0297,  -0.3629,   0.0006, 0
B,   61, THR,  0.1314,  -0.3062,   0.0035, 0
B,   62, GLN,  0.1081,  -0.3192,   0.0026, 0
B,   63, LEU,  0.0246,  -0.3658,   0.0006, 0
B,   64, TYR,  0.1040,  -0.3215,   0.0025, 0
B,   65, LEU,  0.8233,   0.0794,   0.0967, 0
B,   66, GLY,  0.1886,  -0.2744,   0.0062, 0
B,   67, GLY,  0.2326,  -0.2498,   0.0089, 0
B,   68, MET,  0.7909,   0.0614,   0.0891, 3
B,   69, SER,  0.2042,  -0.2656,   0.0071, 0
B,   70, TYR,  0.6008,  -0.0446,   0.0514, 3
B,   71, TYR,  0.1673,  -0.2862,   0.0051, 0
B,   72, CYS,  0.3221,  -0.1999,   0.0159, 0
B,   73, LYS,  0.1910,  -0.2730,   0.0063, 0
B,   74, SER,  0.3408,  -0.1895,   0.0176, 0
B,   75, HIS,  0.4830,  -0.1102,   0.0336, 0
B,   76, LYS,  0.1388,  -0.3021,   0.0038, 0
B,   77, PRO,  0.2137,  -0.2604,   0.0077, 0
B,   78, PRO,  0.0659,  -0.3427,   0.0014, 0
B,   79, ILE,  0.1674,  -0.2862,   0.0051, 0
B,   80, SER,  0.1559,  -0.2925,   0.0046, 0
B,   81, PHE,  0.4029,  -0.1549,   0.0239, 0
B,   82, PRO,  0.1812,  -0.2785,   0.0058, 0
B,   83, LEU,  0.4178,  -0.1466,   0.0256, 0
B,   84, CYS,  0.1397,  -0.3016,   0.0039, 0
B,   85, ALA,  0.1775,  -0.2805,   0.0056, 0
B,   86, ASN,  0.1385,  -0.3023,   0.0038, 0
B,   87, GLY,  0.1048,  -0.3210,   0.0025, 0
B,   88, GLN,  0.0745,  -0.3379,   0.0016, 0
B,   89, VAL,  0.0021,  -0.3783,   0.0003, 0
B,   90, PHE,  0.8333,   0.0850,   0.0990, 3
B,   91, GLY,  0.6058,  -0.0418,   0.0522, 0
B,   92, LEU,  0.7005,   0.0110,   0.0698, 3
B,   93, TYR,  0.1269,  -0.3087,   0.0033, 0
B,   94, LYS,  0.2700,  -0.2290,   0.0116, 0
B,   95, ASN,  0.0585,  -0.3469,   0.0012, 0
B,   96, THR,  0.0493,  -0.3520,   0.0010, 0
B,   97, CYS,  0.0422,  -0.3560,   0.0009, 0
B,   98, VAL,  0.0409,  -0.3567,   0.0008, 0
B,   99, GLY,  0.0187,  -0.3690,   0.0005, 0
B,  100, SER,  0.0435,  -0.3552,   0.0009, 0
B,  101, ASP,  0.0387,  -0.3579,   0.0008, 0
B,  102, ASN,  0.0618,  -0.3450,   0.0013, 0
B,  103, VAL,  0.0394,  -0.3575,   0.0008, 0
B,  104, THR,  0.0484,  -0.3525,   0.0010, 0
B,  105, ASP,  0.0365,  -0.3591,   0.0008, 0
B,  106, PHE,  0.2729,  -0.2274,   0.0118, 0
B,  107, ASN,  0.0712,  -0.3398,   0.0015, 0
B,  108, ALA,  0.1199,  -0.3126,   0.0031, 0
B,  109, ILE,  0.1981,  -0.2690,   0.0067, 0
B,  110, ALA,  0.5140,  -0.0929,   0.0379, 0
B,  111, THR,  0.5006,  -0.1004,   0.0360, 0
B,  112, CYS,  0.3171,  -0.2027,   0.0154, 0
B,  113, ASP,  0.2076,  -0.2638,   0.0073, 0
B,  114, TRP,  0.7804,   0.0555,   0.0868, 0
B,  115, THR,  0.1803,  -0.2790,   0.0058, 0
B,  116, ASN,  0.1643,  -0.2879,   0.0050, 0
B,  117, ALA,  0.0942,  -0.3270,   0.0021, 0
B,  118, GLY,  0.1816,  -0.2783,   0.0058, 0
B,  119, ASP,  0.3878,  -0.1633,   0.0223, 0
B,  120, TYR,  1.6253,   0.5265,   0.3172, 0
B,  121, ILE,  0.1469,  -0.2976,   0.0042, 0
B,  122, LEU,  0.0919,  -0.3282,   0.0021, 0
B,  123, ALA,  1.2072,   0.2934,   0.1984, 0
B,  124, ASN,  1.0035,   0.1799,   0.1418, 0
B,  125, THR,  0.2083,  -0.2633,   0.0073, 0
B,  126, CYS,  0.1729,  -0.2831,   0.0054, 0
B,  127, THR,  0.0714,  -0.3397,   0.0015, 0
B,  128, GLU,  0.3260,  -0.1978,   0.0162, 0
B,  129, ARG,  1.5527,   0.4860,   0.2974, 0
B,  130, LEU,  0.1301,  -0.3070,   0.0035, 0
B,  131, LYS,  1.0346,   0.1972,   0.1502, 0
B,  132, LEU,  0.6294,  -0.0286,   0.0564, 0
B,  133, PHE,  1.2831,   0.3358,   0.2200, 0
B,  134, ALA,  0.9863,   0.1703,   0.1373, 0
B,  135, ALA,  1.4219,   0.4131,   0.2602, 0
B,  136, GLU,  1.7030,   0.5698,   0.3384, 0
B,  137, THR,  0.6043,  -0.0426,   0.0520, 0
B,  138, LEU,  1.7277,   0.5836,   0.3449, 0
B,  139, LYS,  1.9390,   0.7013,   0.3985, 0
B,  140, ALA,  0.2051,  -0.2651,   0.0072, 0
B,  141, THR,  0.3854,  -0.1646,   0.0220, 0
B,  142, GLU,  1.8002,   0.6240,   0.3637, 0
B,  143, GLU,  0.7688,   0.0491,   0.0842, 0
B,  144, THR,  0.1221,  -0.3114,   0.0031, 0
B,  145, PHE,  0.6462,  -0.0193,   0.0593, 0
B,  146, LYS,  1.2430,   0.3134,   0.2085, 0
B,  147, LEU,  0.3721,  -0.1720,   0.0206, 0
B,  148, SER,  0.1628,  -0.2887,   0.0049, 0
B,  149, TYR,  0.5681,  -0.0628,   0.0461, 0
B,  150, GLY,  0.0400,  -0.3572,   0.0008, 0
B,  151, ILE,  0.5311,  -0.0834,   0.0405, 0
B,  152, ALA,  0.6281,  -0.0294,   0.0561, 0
B,  153, THR,  0.0790,  -0.3354,   0.0017, 0
B,  154, VAL,  0.0100,  -0.3739,   0.0004, 0
B,  155, ARG,  0.0989,  -0.3243,   0.0023, 0
B,  156, GLU,  0.0153,  -0.3709,   0.0004, 0
B,  157, VAL,  0.0163,  -0.3703,   0.0004, 0
B,  158, LEU,  0.0790,  -0.3354,   0.0017, 0
B,  159, SER,  0.0101,  -0.3738,   0.0004, 0
B,  160, ASP,  0.0615,  -0.3452,   0.0013, 0
B,  161, ARG,  0.4669,  -0.1192,   0.0315, 0
B,  162, GLU,  0.1530,  -0.2942,   0.0045, 0
B,  163, LEU,  0.0625,  -0.3446,   0.0013, 0
B,  164, HIS,  0.2557,  -0.2369,   0.0105, 0
B,  165, LEU,  0.8266,   0.0813,   0.0974, 0
B,  166, SER,  0.0421,  -0.3560,   0.0009, 0
B,  167, TRP,  0.9143,   0.1302,   0.1188, 0
B,  168, GLU,  0.0868,  -0.3311,   0.0019, 0
B,  169, VAL,  0.0266,  -0.3646,   0.0006, 0
B,  170, GLY,  0.0593,  -0.3464,   0.0012, 0
B,  171, LYS,  0.2312,  -0.2506,   0.0088, 0
B,  172, PRO,  0.1739,  -0.2825,   0.0054, 0
B,  173, ARG,  0.3982,  -0.1575,   0.0234, 0
B,  174, PRO,  0.7942,   0.0632,   0.0899, 0
B,  175, PRO,  0.5690,  -0.0623,   0.0462, 0
B,  176, LEU,  1.1962,   0.2873,   0.1952, 0
B,  177, ASN,  0.8399,   0.0887,   0.1005, 0
B,  178, ARG,  1.3167,   0.3545,   0.2298, 0
B,  179, ASN,  1.7201,   0.5793,   0.3429, 0
B,  180, TYR,  1.1315,   0.2512,   0.1770, 0
B,  181, VAL,  0.6768,  -0.0022,   0.0651, 0
B,  182, PHE,  0.6585,  -0.0124,   0.0616, 0
B,  183, THR,  0.1562,  -0.2924,   0.0046, 0
B,  184, GLY,  0.0004,  -0.3793,   0.0002, 0
B,  185, TYR,  0.5004,  -0.1006,   0.0360, 0
B,  186, ARG,  0.1967,  -0.2698,   0.0067, 0
B,  187, VAL,  0.2474,  -0.2416,   0.0099, 0
B,  188, THR,  0.0464,  -0.3536,   0.0009, 0
B,  189, LYS,  0.0110,  -0.3733,   0.0004, 0
B,  190, ASN,  0.0160,  -0.3706,   0.0004, 0
B,  191, SER,  0.0257,  -0.3651,   0.0006, 0
B,  192, LYS,  0.3577,  -0.1801,   0.0192, 0
B,  193, VAL,  0.1624,  -0.2890,   0.0049, 0
B,  194, GLN,  0.2298,  -0.2514,   0.0087, 0
B,  195, ILE,  0.2023,  -0.2667,   0.0070, 0
B,  196, GLY,  0.0566,  -0.3479,   0.0012, 0
B,  197, GLU,  0.1327,  -0.3055,   0.0036, 0
B,  198, TYR,  0.0583,  -0.3470,   0.0012, 0
B,  199, THR,  0.2565,  -0.2365,   0.0106, 0
B,  200, PHE,  0.6328,  -0.0268,   0.0570, 0
B,  201, GLU,  0.7948,   0.0636,   0.0900, 0
B,  202, LYS,  0.9989,   0.1773,   0.1406, 0
B,  203, GLY,  0.9193,   0.1330,   0.1201, 0
B,  204, ASP,  0.5995,  -0.0453,   0.0512, 0
B,  205, TYR,  0.5470,  -0.0745,   0.0428, 0
B,  206, GLY,  0.1022,  -0.3225,   0.0024, 0
B,  207, ASP,  0.3228,  -0.1995,   0.0159, 0
B,  208, ALA,  0.2711,  -0.2284,   0.0116, 0
B,  209, VAL,  0.8692,   0.1050,   0.1076, 0
B,  210, VAL,  0.5568,  -0.0691,   0.0443, 0
B,  211, TYR,  0.0795,  -0.3352,   0.0017, 0
B,  212, ARG,  0.5817,  -0.0552,   0.0484, 0
B,  213, GLY,  0.1333,  -0.3052,   0.0036, 0
B,  214, THR,  0.1360,  -0.3037,   0.0037, 0
B,  215, THR,  0.1825,  -0.2777,   0.0059, 0
B,  216, THR,  0.0762,  -0.3370,   0.0016, 0
B,  217, TYR,  0.2559,  -0.2368,   0.0105, 0
B,  218, LYS,  0.0706,  -0.3401,   0.0015, 0
B,  219, LEU,  0.1090,  -0.3187,   0.0026, 0
B,  220, ASN,  0.0675,  -0.3418,   0.0014, 0
B,  221, VAL,  0.0220,  -0.3672,   0.0005, 0
B,  222, GLY,  0.1023,  -0.3224,   0.0024, 0
B,  223, ASP,  0.0960,  -0.3260,   0.0022, 0
B,  224, TYR,  0.5769,  -0.0579,   0.0475, 0
B,  225, PHE,  0.6274,  -0.0297,   0.0560, 0
B,  226, VAL,  0.5737,  -0.0597,   0.0470, 0
B,  227, LEU,  0.9170,   0.1317,   0.1195, 0
B,  228, THR,  0.4986,  -0.1015,   0.0357, 0
B,  229, SER,  0.1644,  -0.2879,   0.0050, 0
B,  230, HIS,  0.4032,  -0.1547,   0.0239, 0
B,  231, THR,  0.2444,  -0.2432,   0.0097, 0
B,  232, VAL,  0.2896,  -0.2181,   0.0131, 0
B,  233, MET,  0.7104,   0.0165,   0.0718, 0
B,  234, PRO,  1.7874,   0.6168,   0.3604, 0
B,  235, LEU,  1.6096,   0.5178,   0.3129, 0
B,  236, SER,  0.4773,  -0.1134,   0.0328, 0
B,  237, ALA,  0.2211,  -0.2562,   0.0081, 0
B,  238, PRO,  0.1675,  -0.2861,   0.0051, 0
B,  239, THR,  0.2035,  -0.2660,   0.0071, 0
B,  240, LEU,  0.6716,  -0.0051,   0.0641, 0
B,  241, VAL,  0.2484,  -0.2410,   0.0100, 0
B,  242, PRO,  0.1819,  -0.2781,   0.0059, 0
B,  243, GLN,  0.6012,  -0.0444,   0.0515, 0
B,  244, GLU,  0.0454,  -0.3542,   0.0009, 0
B,  245, HIS,  0.3868,  -0.1639,   0.0221, 0
B,  246, TYR,  0.1249,  -0.3098,   0.0032, 0
B,  247, VAL,  0.0977,  -0.3250,   0.0023, 0
B,  248, ARG,  0.0980,  -0.3249,   0.0023, 0
B,  249, ILE,  0.1001,  -0.3237,   0.0023, 0
B,  250, THR,  0.0608,  -0.3456,   0.0013, 0
B,  251, GLY,  0.0671,  -0.3421,   0.0014, 0
B,  252, LEU,  0.0446,  -0.3546,   0.0009, 0
B,  253, TYR,  0.0759,  -0.3372,   0.0016, 0
B,  254, PRO,  0.0569,  -0.3477,   0.0012, 0
B,  255, THR,  0.0800,  -0.3349,   0.0017, 0
B,  256, LEU,  0.0356,  -0.3596,   0.0007, 0
B,  257, ASN,  0.0942,  -0.3269,   0.0022, 0
B,  258, ILE,  0.1487,  -0.2966,   0.0043, 0
B,  259, SER,  0.1401,  -0.3014,   0.0039, 0
B,  260, ASP,  0.0189,  -0.3690,   0.0005, 0
B,  261, GLU,  1.6007,   0.5128,   0.3105, 0
B,  262, PHE,  0.9584,   0.1547,   0.1300, 0
B,  263, SER,  0.0243,  -0.3659,   0.0006, 0
B,  264, SER,  1.2962,   0.3431,   0.2238, 0
B,  265, ASN,  1.4786,   0.4447,   0.2765, 0
B,  266, VAL,  0.0567,  -0.3479,   0.0012, 0
B,  267, ALA,  0.0280,  -0.3639,   0.0006, 0
B,  268, ASN,  0.4452,  -0.1313,   0.0288, 0
B,  269, TYR,  0.1171,  -0.3142,   0.0029, 0
B,  270, GLN,  0.0793,  -0.3353,   0.0017, 0
B,  271, LYS,  0.3203,  -0.2009,   0.0157, 0
B,  272, VAL,  0.0306,  -0.3624,   0.0007, 0
B,  273, GLY,  0.0296,  -0.3630,   0.0006, 0
B,  274, MET,  0.1201,  -0.3125,   0.0031, 0
B,  275, GLN,  0.5586,  -0.0681,   0.0446, 0
B,  276, LYS,  0.2072,  -0.2640,   0.0073, 0
B,  277, TYR,  0.7483,   0.0377,   0.0797, 0
B,  278, SER,  0.3418,  -0.1889,   0.0177, 0
B,  279, THR,  0.2837,  -0.2213,   0.0126, 0
B,  280, LEU,  0.0035,  -0.3775,   0.0003, 0
B,  281, GLN,  0.3944,  -0.1596,   0.0230, 0
B,  282, GLY,  0.5721,  -0.0606,   0.0468, 0
B,  283, PRO,  1.6016,   0.5133,   0.3107, 1
B,  284, PRO,  2.1369,   0.8116,   0.4446, 1
B,  285, GLY,  2.4501,   0.9862,   0.5120, 1
B,  286, THR,  3.0715,   1.3326,   0.6221, 1
B,  287, GLY,  3.1934,   1.4005,   0.6406, 1
B,  288, LYS,  3.1355,   1.3683,   0.6318, 1
B,  289, SER,  2.4826,   1.0044,   0.5187, 1
B,  290, HIS,  2.8473,   1.2076,   0.5858, 1
B,  291, PHE,  0.9979,   0.1768,   0.1404, 0
B,  292, ALA,  0.0000,  -0.3795,   0.0002, 0
B,  293, ILE,  0.0175,  -0.3697,   0.0005, 0
B,  294, GLY,  0.0457,  -0.3540,   0.0009, 0
B,  295, LEU,  0.0000,  -0.3795,   0.0002, 0
B,  296, ALA,  0.0882,  -0.3303,   0.0020, 0
B,  297, LEU,  0.2317,  -0.2503,   0.0088, 0
B,  298, TYR,  0.0959,  -0.3260,   0.0022, 0
B,  299, TYR,  0.0598,  -0.3461,   0.0012, 0
B,  300, PRO,  0.1280,  -0.3081,   0.0034, 0
B,  301, SER,  0.0629,  -0.3444,   0.0013, 0
B,  302, ALA,  0.0371,  -0.3588,   0.0008, 0
B,  303, ARG,  0.0925,  -0.3279,   0.0021, 0
B,  304, ILE,  0.0002,  -0.3794,   0.0002, 0
B,  305, VAL,  0.0467,  -0.3534,   0.0009, 0
B,  306, TYR,  0.0000,  -0.3795,   0.0002, 0
B,  307, THR,  0.0000,  -0.3795,   0.0002, 0
B,  308, ALA,  0.0500,  -0.3516,   0.0010, 0
B,  309, CYS,  0.4637,  -0.1210,   0.0311, 0
B,  310, SER,  0.3917,  -0.1611,   0.0227, 0
B,  311, HIS,  0.3653,  -0.1758,   0.0199, 0
B,  312, ALA,  0.2888,  -0.2185,   0.0131, 1
B,  313, ALA,  0.4078,  -0.1522,   0.0244, 1
B,  314, VAL,  0.0172,  -0.3699,   0.0005, 0
B,  315, ASP,  0.0537,  -0.3495,   0.0011, 0
B,  316, ALA,  0.7022,   0.0119,   0.0701, 1
B,  317, LEU,  0.1749,  -0.2820,   0.0055, 0
B,  318, CYS,  0.0137,  -0.3718,   0.0004, 0
B,  319, GLU,  0.0614,  -0.3452,   0.0013, 0
B,  320, LYS,  1.0397,   0.2001,   0.1516, 1
B,  321, ALA,  0.0024,  -0.3781,   0.0003, 0
B,  322, LEU,  0.0278,  -0.3640,   0.0006, 0
B,  323, LYS,  0.5910,  -0.0500,   0.0498, 0
B,  324, TYR,  0.7891,   0.0604,   0.0887, 0
B,  325, LEU,  0.1473,  -0.2973,   0.0042, 0
B,  326, PRO,  0.1209,  -0.3121,   0.0031, 0
B,  327, ILE,  0.0232,  -0.3665,   0.0005, 0
B,  328, ASP,  0.0227,  -0.3668,   0.0005, 0
B,  329, LYS,  0.0838,  -0.3327,   0.0018, 0
B,  330, CYS,  0.0002,  -0.3794,   0.0002, 0
B,  331, SER,  0.0000,  -0.3794,   0.0002, 0
B,  332, ARG,  0.0620,  -0.3449,   0.0013, 0
B,  333, ILE,  0.0655,  -0.3430,   0.0014, 0
B,  334, ILE,  0.1320,  -0.3059,   0.0035, 0
B,  335, PRO,  0.1965,  -0.2699,   0.0067, 0
B,  336, ALA,  0.0849,  -0.3321,   0.0019, 0
B,  337, ARG,  0.1842,  -0.2768,   0.0060, 0
B,  338, ALA,  0.3015,  -0.2114,   0.0141, 0
B,  339, ARG,  0.2577,  -0.2358,   0.0106, 0
B,  340, VAL,  0.3407,  -0.1896,   0.0176, 0
B,  341, GLU,  0.1537,  -0.2938,   0.0045, 0
B,  342, CYS,  0.1425,  -0.3000,   0.0040, 0
B,  343, PHE,  0.0706,  -0.3401,   0.0015, 0
B,  344, ASP,  0.0725,  -0.3390,   0.0015, 0
B,  345, LYS,  0.0381,  -0.3582,   0.0008, 0
B,  346, PHE,  0.0151,  -0.3711,   0.0004, 0
B,  347, LYS,  0.0306,  -0.3624,   0.0007, 0
B,  348, VAL,  0.0539,  -0.3494,   0.0011, 0
B,  349, ASN,  0.0338,  -0.3606,   0.0007, 0
B,  350, SER,  0.0713,  -0.3397,   0.0015, 0
B,  351, THR,  0.0654,  -0.3430,   0.0014, 0
B,  352, LEU,  0.0884,  -0.3302,   0.0020, 0
B,  353, GLU,  0.0817,  -0.3339,   0.0018, 0
B,  354, GLN,  0.0974,  -0.3252,   0.0023, 0
B,  355, TYR,  0.0918,  -0.3283,   0.0021, 0
B,  356, VAL,  0.0469,  -0.3533,   0.0010, 0
B,  357, PHE,  0.0000,  -0.3795,   0.0002, 0
B,  358, CYS,  0.0504,  -0.3514,   0.0010, 0
B,  359, THR,  0.0994,  -0.3240,   0.0023, 0
B,  360, VAL,  0.2485,  -0.2410,   0.0100, 0
B,  361, ASN,  0.6505,  -0.0169,   0.0601, 0
B,  362, ALA,  0.0905,  -0.3290,   0.0020, 0
B,  363, LEU,  0.0843,  -0.3325,   0.0019, 0
B,  364, PRO,  0.0641,  -0.3437,   0.0013, 0
B,  365, GLU,  0.0497,  -0.3518,   0.0010, 0
B,  366, THR,  0.0625,  -0.3446,   0.0013, 0
B,  367, THR,  0.0379,  -0.3583,   0.0008, 0
B,  368, ALA,  0.0128,  -0.3723,   0.0004, 0
B,  369, ASP,  0.0350,  -0.3599,   0.0007, 0
B,  370, ILE,  0.0296,  -0.3630,   0.0006, 0
B,  371, VAL,  0.0296,  -0.3630,   0.0006, 0
B,  372, VAL,  0.0000,  -0.3795,   0.0002, 0
B,  373, PHE,  0.0130,  -0.3722,   0.0004, 0
B,  374, ASP,  0.7306,   0.0278,   0.0761, 1
B,  375, GLU,  1.0748,   0.2197,   0.1612, 1
B,  376, ILE,  0.0602,  -0.3459,   0.0012, 0
B,  377, SER,  0.0618,  -0.3450,   0.0013, 0
B,  378, MET,  0.6048,  -0.0423,   0.0521, 0
B,  379, ALA,  0.5695,  -0.0620,   0.0463, 0
B,  380, THR,  2.2815,   0.8923,   0.4771, 0
B,  381, ASN,  1.4368,   0.4214,   0.2645, 0
B,  382, TYR,  2.5921,   1.0654,   0.5397, 0
B,  383, ASP,  1.1960,   0.2872,   0.1951, 0
B,  384, LEU,  0.0268,  -0.3645,   0.0006, 0
B,  385, SER,  0.2514,  -0.2393,   0.0102, 0
B,  386, VAL,  0.7678,   0.0485,   0.0840, 0
B,  387, VAL,  0.1356,  -0.3039,   0.0037, 0
B,  388, ASN,  0.1704,  -0.2845,   0.0053, 0
B,  389, ALA,  0.3453,  -0.1870,   0.0180, 0
B,  390, ARG,  0.7068,   0.0145,   0.0710, 0
B,  391, LEU,  0.1075,  -0.3196,   0.0026, 0
B,  392, ARG,  0.1365,  -0.3034,   0.0037, 0
B,  393, ALA,  0.0876,  -0.3306,   0.0020, 0
B,  394, LYS,  0.1262,  -0.3091,   0.0033, 0
B,  395, HIS,  0.0430,  -0.3555,   0.0009, 0
B,  396, TYR,  0.1757,  -0.2815,   0.0055, 0
B,  397, VAL,  0.0296,  -0.3630,   0.0006, 0
B,  398, TYR,  0.0268,  -0.3645,   0.0006, 0
B,  399, ILE,  0.1360,  -0.3036,   0.0037, 0
B,  400, GLY,  0.5121,  -0.0940,   0.0376, 0
B,  401, ASP,  0.2220,  -0.2557,   0.0082, 0
B,  402, PRO,  0.4787,  -0.1126,   0.0330, 0
B,  403, ALA,  0.4447,  -0.1316,   0.0288, 0
B,  404, GLN,  1.7784,   0.6118,   0.3581, 1
B,  405, LEU,  0.5062,  -0.0973,   0.0368, 0
B,  406, PRO,  0.4928,  -0.1048,   0.0349, 2
B,  407, ALA,  1.3321,   0.3630,   0.2341, 2
B,  408, PRO,  1.3001,   0.3452,   0.2250, 2
B,  409, ARG,  1.9410,   0.7025,   0.3990, 2
B,  410, THR,  1.3276,   0.3606,   0.2328, 0
B,  411, LEU,  0.6369,  -0.0245,   0.0577, 0
B,  412, LEU,  0.1856,  -0.2760,   0.0061, 2
B,  413, THR,  0.2319,  -0.2502,   0.0089, 0
B,  414, LYS,  0.0977,  -0.3250,   0.0023, 0
B,  415, GLY,  0.1109,  -0.3177,   0.0027, 0
B,  416, THR,  0.4811,  -0.1113,   0.0334, 2
B,  417, LEU,  0.7061,   0.0141,   0.0709, 2
B,  418, GLU,  0.4272,  -0.1414,   0.0267, 0
B,  419, PRO,  0.4658,  -0.1198,   0.0314, 0
B,  420, GLU,  0.1251,  -0.3097,   0.0033, 0
B,  421, TYR,  0.7534,   0.0405,   0.0808, 0
B,  422, PHE,  1.0945,   0.2306,   0.1666, 0
B,  423, ASN,  1.0445,   0.2027,   0.1529, 0
B,  424, SER,  0.4898,  -0.1064,   0.0345, 0
B,  425, VAL,  0.0952,  -0.3264,   0.0022, 0
B,  426, CYS,  0.0000,  -0.3795,   0.0002, 0
B,  427, ARG,  0.3774,  -0.1691,   0.0212, 0
B,  428, LEU,  0.8498,   0.0942,   0.1028, 0
B,  429, MET,  0.3394,  -0.1903,   0.0175, 0
B,  430, LYS,  0.5759,  -0.0585,   0.0474, 0
B,  431, THR,  0.1654,  -0.2873,   0.0050, 0
B,  432, ILE,  0.6944,   0.0076,   0.0685, 0
B,  433, GLY,  0.4480,  -0.1298,   0.0292, 0
B,  434, PRO,  0.4066,  -0.1528,   0.0243, 0
B,  435, ASP,  0.5201,  -0.0896,   0.0388, 0
B,  436, MET,  0.0885,  -0.3301,   0.0020, 0
B,  437, PHE,  0.5084,  -0.0961,   0.0371, 0
B,  438, LEU,  1.4417,   0.4242,   0.2659, 0
B,  439, GLY,  0.5035,  -0.0988,   0.0364, 0
B,  440, THR,  1.4393,   0.4228,   0.2652, 0
B,  441, CYS,  0.0767,  -0.3367,   0.0016, 0
B,  442, ARG,  2.0586,   0.7680,   0.4271, 1
B,  443, ARG,  2.5995,   1.0695,   0.5411, 1
B,  444, CYS,  0.0834,  -0.3330,   0.0018, 0
B,  445, PRO,  0.0125,  -0.3725,   0.0004, 0
B,  446, ALA,  0.0288,  -0.3634,   0.0006, 0
B,  447, GLU,  0.0263,  -0.3648,   0.0006, 0
B,  448, ILE,  0.0750,  -0.3377,   0.0016, 0
B,  449, VAL,  0.0978,  -0.3249,   0.0023, 0
B,  450, ASP,  0.0311,  -0.3621,   0.0007, 0
B,  451, THR,  0.0099,  -0.3739,   0.0004, 0
B,  452, VAL,  0.0778,  -0.3361,   0.0017, 0
B,  453, SER,  0.0069,  -0.3756,   0.0003, 0
B,  454, ALA,  0.0305,  -0.3625,   0.0007, 0
B,  455, LEU,  0.1999,  -0.2681,   0.0069, 0
B,  456, VAL,  0.5432,  -0.0767,   0.0423, 0
B,  457, TYR,  0.3772,  -0.1692,   0.0211, 0
B,  458, ASP,  0.3495,  -0.1847,   0.0184, 0
B,  459, ASN,  0.0199,  -0.3684,   0.0005, 0
B,  460, LYS,  0.4032,  -0.1547,   0.0239, 0
B,  461, LEU,  0.0879,  -0.3305,   0.0020, 0
B,  462, LYS,  0.0396,  -0.3574,   0.0008, 0
B,  463, ALA,  0.0313,  -0.3620,   0.0007, 0
B,  464, HIS,  0.0446,  -0.3546,   0.0009, 0
B,  465, LYS,  0.0571,  -0.3476,   0.0012, 0
B,  466, ASP,  0.0323,  -0.3614,   0.0007, 0
B,  467, LYS,  0.0312,  -0.3621,   0.0007, 0
B,  468, SER,  0.0169,  -0.3700,   0.0004, 0
B,  469, ALA,  0.0658,  -0.3428,   0.0014, 0
B,  470, GLN,  0.1496,  -0.2961,   0.0043, 0
B,  471, CYS,  0.0106,  -0.3736,   0.0004, 0
B,  472, PHE,  0.2500,  -0.2401,   0.0101, 0
B,  473, LYS,  0.1337,  -0.3050,   0.0036, 0
B,  474, MET,  0.3232,  -0.1993,   0.0160, 0
B,  475, PHE,  0.2107,  -0.2620,   0.0075, 0
B,  476, TYR,  0.1547,  -0.2932,   0.0045, 0
B,  477, LYS,  0.0768,  -0.3366,   0.0017, 0
B,  478, GLY,  0.0651,  -0.3432,   0.0014, 0
B,  479, VAL,  0.1032,  -0.3219,   0.0024, 0
B,  480, ILE,  0.1488,  -0.2965,   0.0043, 0
B,  481, THR,  0.0610,  -0.3454,   0.0013, 0
B,  482, HIS,  0.2245,  -0.2544,   0.0084, 0
B,  483, ASP,  0.6581,  -0.0126,   0.0615, 0
B,  484, VAL,  0.3901,  -0.1620,   0.0225, 0
B,  485, SER,  0.7966,   0.0646,   0.0904, 0
B,  486, SER,  0.6720,  -0.0049,   0.0642, 0
B,  487, ALA,  0.2515,  -0.2393,   0.0102, 0
B,  488, ILE,  0.5704,  -0.0615,   0.0465, 0
B,  489, ASN,  0.0635,  -0.3441,   0.0013, 0
B,  490, ARG,  0.6727,  -0.0045,   0.0643, 0
B,  491, PRO,  0.1345,  -0.3045,   0.0036, 0
B,  492, GLN,  0.0680,  -0.3416,   0.0014, 0
B,  493, ILE,  0.0506,  -0.3513,   0.0010, 0
B,  494, GLY,  0.1201,  -0.3125,   0.0031, 0
B,  495, VAL,  0.1967,  -0.2698,   0.0067, 0
B,  496, VAL,  0.0204,  -0.3681,   0.0005, 0
B,  497, ARG,  0.0580,  -0.3471,   0.0012, 0
B,  498, GLU,  0.2115,  -0.2616,   0.0075, 0
B,  499, PHE,  0.4515,  -0.1278,   0.0296, 0
B,  500, LEU,  0.0277,  -0.3640,   0.0006, 0
B,  501, THR,  0.0345,  -0.3602,   0.0007, 0
B,  502, ARG,  0.3565,  -0.1807,   0.0191, 0
B,  503, ASN,  0.4566,  -0.1250,   0.0302, 0
B,  504, PRO,  0.0255,  -0.3653,   0.0006, 0
B,  505, ALA,  0.0729,  -0.3389,   0.0015, 0
B,  506, TRP,  0.1412,  -0.3008,   0.0039, 0
B,  507, ARG,  0.0344,  -0.3603,   0.0007, 0
B,  508, LYS,  0.0587,  -0.3467,   0.0012, 0
B,  509, ALA,  0.0290,  -0.3633,   0.0006, 0
B,  510, VAL,  0.0658,  -0.3428,   0.0014, 0
B,  511, PHE,  0.0000,  -0.3795,   0.0002, 0
B,  512, ILE,  0.0731,  -0.3387,   0.0016, 0
B,  513, SER,  0.1073,  -0.3196,   0.0026, 0
B,  514, PRO,  0.7275,   0.0260,   0.0754, 0
B,  515, TYR,  0.6469,  -0.0189,   0.0595, 0
B,  516, ASN,  1.0186,   0.1883,   0.1460, 0
B,  517, SER,  1.1184,   0.2439,   0.1734, 0
B,  518, GLN,  0.0954,  -0.3263,   0.0022, 0
B,  519, ASN,  0.1490,  -0.2964,   0.0043, 0
B,  520, ALA,  0.9577,   0.1543,   0.1298, 0
B,  521, VAL,  0.7325,   0.0288,   0.0764, 0
B,  522, ALA,  0.0062,  -0.3760,   0.0003, 0
B,  523, SER,  0.1235,  -0.3106,   0.0032, 0
B,  524, LYS,  0.8612,   0.1006,   0.1056, 0
B,  525, ILE,  0.1143,  -0.3157,   0.0028, 0
B,  526, LEU,  0.0244,  -0.3658,   0.0006, 0
B,  527, GLY,  0.0185,  -0.3692,   0.0005, 0
B,  528, LEU,  0.0467,  -0.3535,   0.0009, 0
B,  529, PRO,  0.0882,  -0.3303,   0.0020, 0
B,  530, THR,  0.1110,  -0.3176,   0.0027, 0
B,  531, GLN,  0.1732,  -0.2829,   0.0054, 0
B,  532, THR,  0.5230,  -0.0880,   0.0392, 0
B,  533, VAL,  0.1201,  -0.3125,   0.0031, 0
B,  534, ASP,  1.1744,   0.2752,   0.1891, 2
B,  535, SER,  0.3578,  -0.1800,   0.0192, 0
B,  536, SER,  0.0990,  -0.3243,   0.0023, 0
B,  537, GLN,  1.1950,   0.2867,   0.1949, 1
B,  538, GLY,  1.8419,   0.6472,   0.3745, 1
B,  539, SER,  0.6012,  -0.0444,   0.0515, 0
B,  540, GLU,  0.6788,  -0.0011,   0.0655, 1
B,  541, TYR,  0.0723,  -0.3391,   0.0015, 0
B,  542, ASP,  0.0458,  -0.3539,   0.0009, 0
B,  543, TYR,  0.0997,  -0.3239,   0.0023, 0
B,  544, VAL,  0.0079,  -0.3750,   0.0003, 0
B,  545, ILE,  0.0000,  -0.3795,   0.0002, 0
B,  546, PHE,  0.0840,  -0.3326,   0.0018, 0
B,  547, THR,  0.0000,  -0.3795,   0.0002, 0
B,  548, GLN,  0.1838,  -0.2770,   0.0060, 0
B,  549, THR,  0.0028,  -0.3779,   0.0003, 0
B,  550, THR,  0.1757,  -0.2815,   0.0055, 0
B,  551, GLU,  0.1686,  -0.2855,   0.0052, 0
B,  552, THR,  0.3062,  -0.2088,   0.0145, 0
B,  553, ALA,  0.1652,  -0.2874,   0.0050, 0
B,  554, HIS,  1.4481,   0.4277,   0.2678, 2
B,  555, SER,  0.1033,  -0.3219,   0.0024, 0
B,  556, CYS,  0.2259,  -0.2536,   0.0084, 0
B,  557, ASN,  0.5513,  -0.0722,   0.0435, 2
B,  558, VAL,  0.3747,  -0.1706,   0.0209, 0
B,  559, ASN,  0.4909,  -0.1059,   0.0347, 0
B,  560, ARG,  1.3398,   0.3673,   0.2363, 2
B,  561, PHE,  0.0840,  -0.3326,   0.0018, 0
B,  562, ASN,  0.1408,  -0.3010,   0.0039, 0
B,  563, VAL,  0.2891,  -0.2183,   0.0131, 0
B,  564, ALA,  0.0840,  -0.3326,   0.0018, 0
B,  565, ILE,  0.0658,  -0.3428,   0.0014, 0
B,  566, THR,  0.2561,  -0.2367,   0.0105, 0
B,  567, ARG,  1.4813,   0.4462,   0.2773, 1
B,  568, ALA,  0.0000,  -0.3795,   0.0002, 0
B,  569, LYS,  0.0344,  -0.3603,   0.0007, 0
B,  570, VAL,  0.0536,  -0.3496,   0.0011, 0
B,  571, GLY,  0.0259,  -0.3650,   0.0006, 0
B,  572, ILE,  0.0000,  -0.3795,   0.0002, 0
B,  573, LEU,  0.1594,  -0.2906,   0.0047, 0
B,  574, CYS,  0.0000,  -0.3795,   0.0002, 0
B,  575, ILE,  0.0158,  -0.3706,   0.0004, 0
B,  576, MET,  0.0044,  -0.3770,   0.0003, 0
B,  577, SER,  0.0131,  -0.3721,   0.0004, 0
B,  578, ASP,  0.1582,  -0.2913,   0.0047, 0
B,  579, ARG,  0.1341,  -0.3047,   0.0036, 0
B,  580, ASP,  0.1657,  -0.2871,   0.0050, 0
B,  581, LEU,  0.1941,  -0.2713,   0.0065, 0
B,  582, TYR,  0.1905,  -0.2733,   0.0063, 0
B,  583, ASP,  0.1021,  -0.3225,   0.0024, 0
B,  584, LYS,  0.0618,  -0.3450,   0.0013, 0
B,  585, LEU,  0.0263,  -0.3648,   0.0006, 0
B,  586, GLN,  0.0366,  -0.3591,   0.0008, 0
B,  587, PHE,  0.0521,  -0.3504,   0.0011, 0
B,  588, THR,  0.0840,  -0.3326,   0.0018, 0
B,  589, SER,  0.1659,  -0.2870,   0.0051, 0
B,  590, LEU,  0.4871,  -0.1080,   0.0342, 0
B,  591, GLU,  0.3448,  -0.1873,   0.0180, 0
B,  592, ILE,  0.3154,  -0.2037,   0.0153, 0
B,  593, PRO,  0.2726,  -0.2275,   0.0118, 0
